Workbook

Sheet Inputs
A1: Battery parameters
A2: Region | B2: NSW1 | C2: AEMO region ID
A3: Power | B3: 50 | C3: MW
A4: Energy capacity | B4: 100 | C4: MWh
A5: Starting state of charge | B5: 50 | C5: MWh
A6: Round-trip efficiency | B6: 0.85 | C6: fraction, applied when charging
A7: Charge percentile | B7: 0.25 | C7: fraction of the price range, 0 to 1
A8: Discharge percentile | B8: 0.75 | C8: fraction of the price range, 0 to 1
A9: Interval length | B9: 0.5 | C9: hours
A11: DATETIME | B11: Price ($/MWh)

Sheet Calc
A1: Charge threshold ($/MWh) | B1: =IF(COUNT(Inputs!$B$12:$B$211)=0,"",PERCENTILE(Inputs!$B$12:$B$211,Inputs!$B$7))
A2: Discharge threshold ($/MWh) | B2: =IF(COUNT(Inputs!$B$12:$B$211)=0,"",PERCENTILE(Inputs!$B$12:$B$211,Inputs!$B$8))
A4: DATETIME | B4: Price ($/MWh) | C4: Opening SOC (MWh) | D4: Storage change (MWh) | E4: Closing SOC (MWh) | F4: Grid energy (MWh) | G4: Power (MW) | H4: Revenue ($) | I4: Cumulative revenue ($)
A5: =IF(Inputs!$A12="","",Inputs!$A12) | B5: =IF($A5="","",Inputs!$B12) | C5: =IF($A5="","",Inputs!$B$5) | D5: =IF($A5="","",IF(AND(B5<=$B$1,C5<Inputs!$B$4),MIN(Inputs!$B$3*Inputs!$B$9*Inputs!$B$6,Inputs!$B$4-C5),IF(AND(B5>=$B$2,C5>0),-MIN(Inputs!$B$3*Inputs!$B$9,C5),0))) | E5: =IF($A5="","",C5+D5) | F5: =IF($A5="","",IF(D5>0,-D5/Inputs!$B$6,-D5)) | G5: =IF($A5="","",F5/Inputs!$B$9) | H5: =IF($A5="","",B5*F5) | I5: =IF($A5="","",H5)
A6: =IF(Inputs!$A13="","",Inputs!$A13) | B6: =IF($A6="","",Inputs!$B13) | C6: =IF($A6="","",E5) | D6: =IF($A6="","",IF(AND(B6<=$B$1,C6<Inputs!$B$4),MIN(Inputs!$B$3*Inputs!$B$9*Inputs!$B$6,Inputs!$B$4-C6),IF(AND(B6>=$B$2,C6>0),-MIN(Inputs!$B$3*Inputs!$B$9,C6),0))) | E6: =IF($A6="","",C6+D6) | F6: =IF($A6="","",IF(D6>0,-D6/Inputs!$B$6,-D6)) | G6: =IF($A6="","",F6/Inputs!$B$9) | H6: =IF($A6="","",B6*F6) | I6: =IF($A6="","",I5+H6)
A7: =IF(Inputs!$A14="","",Inputs!$A14) | B7: =IF($A7="","",Inputs!$B14) | C7: =IF($A7="","",E6) | D7: =IF($A7="","",IF(AND(B7<=$B$1,C7<Inputs!$B$4),MIN(Inputs!$B$3*Inputs!$B$9*Inputs!$B$6,Inputs!$B$4-C7),IF(AND(B7>=$B$2,C7>0),-MIN(Inputs!$B$3*Inputs!$B$9,C7),0))) | E7: =IF($A7="","",C7+D7) | F7: =IF($A7="","",IF(D7>0,-D7/Inputs!$B$6,-D7)) | G7: =IF($A7="","",F7/Inputs!$B$9) | H7: =IF($A7="","",B7*F7) | I7: =IF($A7="","",I6+H7)
A8: =IF(Inputs!$A15="","",Inputs!$A15) | B8: =IF($A8="","",Inputs!$B15) | C8: =IF($A8="","",E7) | D8: =IF($A8="","",IF(AND(B8<=$B$1,C8<Inputs!$B$4),MIN(Inputs!$B$3*Inputs!$B$9*Inputs!$B$6,Inputs!$B$4-C8),IF(AND(B8>=$B$2,C8>0),-MIN(Inputs!$B$3*Inputs!$B$9,C8),0))) | E8: =IF($A8="","",C8+D8) | F8: =IF($A8="","",IF(D8>0,-D8/Inputs!$B$6,-D8)) | G8: =IF($A8="","",F8/Inputs!$B$9) | H8: =IF($A8="","",B8*F8) | I8: =IF($A8="","",I7+H8)
A9: =IF(Inputs!$A16="","",Inputs!$A16) | B9: =IF($A9="","",Inputs!$B16) | C9: =IF($A9="","",E8) | D9: =IF($A9="","",IF(AND(B9<=$B$1,C9<Inputs!$B$4),MIN(Inputs!$B$3*Inputs!$B$9*Inputs!$B$6,Inputs!$B$4-C9),IF(AND(B9>=$B$2,C9>0),-MIN(Inputs!$B$3*Inputs!$B$9,C9),0))) | E9: =IF($A9="","",C9+D9) | F9: =IF($A9="","",IF(D9>0,-D9/Inputs!$B$6,-D9)) | G9: =IF($A9="","",F9/Inputs!$B$9) | H9: =IF($A9="","",B9*F9) | I9: =IF($A9="","",I8+H9)
A10: =IF(Inputs!$A17="","",Inputs!$A17) | B10: =IF($A10="","",Inputs!$B17) | C10: =IF($A10="","",E9) | D10: =IF($A10="","",IF(AND(B10<=$B$1,C10<Inputs!$B$4),MIN(Inputs!$B$3*Inputs!$B$9*Inputs!$B$6,Inputs!$B$4-C10),IF(AND(B10>=$B$2,C10>0),-MIN(Inputs!$B$3*Inputs!$B$9,C10),0))) | E10: =IF($A10="","",C10+D10) | F10: =IF($A10="","",IF(D10>0,-D10/Inputs!$B$6,-D10)) | G10: =IF($A10="","",F10/Inputs!$B$9) | H10: =IF($A10="","",B10*F10) | I10: =IF($A10="","",I9+H10)
A11: =IF(Inputs!$A18="","",Inputs!$A18) | B11: =IF($A11="","",Inputs!$B18) | C11: =IF($A11="","",E10) | D11: =IF($A11="","",IF(AND(B11<=$B$1,C11<Inputs!$B$4),MIN(Inputs!$B$3*Inputs!$B$9*Inputs!$B$6,Inputs!$B$4-C11),IF(AND(B11>=$B$2,C11>0),-MIN(Inputs!$B$3*Inputs!$B$9,C11),0))) | E11: =IF($A11="","",C11+D11) | F11: =IF($A11="","",IF(D11>0,-D11/Inputs!$B$6,-D11)) | G11: =IF($A11="","",F11/Inputs!$B$9) | H11: =IF($A11="","",B11*F11) | I11: =IF($A11="","",I10+H11)
A12: =IF(Inputs!$A19="","",Inputs!$A19) | B12: =IF($A12="","",Inputs!$B19) | C12: =IF($A12="","",E11) | D12: =IF($A12="","",IF(AND(B12<=$B$1,C12<Inputs!$B$4),MIN(Inputs!$B$3*Inputs!$B$9*Inputs!$B$6,Inputs!$B$4-C12),IF(AND(B12>=$B$2,C12>0),-MIN(Inputs!$B$3*Inputs!$B$9,C12),0))) | E12: =IF($A12="","",C12+D12) | F12: =IF($A12="","",IF(D12>0,-D12/Inputs!$B$6,-D12)) | G12: =IF($A12="","",F12/Inputs!$B$9) | H12: =IF($A12="","",B12*F12) | I12: =IF($A12="","",I11+H12)
A13: =IF(Inputs!$A20="","",Inputs!$A20) | B13: =IF($A13="","",Inputs!$B20) | C13: =IF($A13="","",E12) | D13: =IF($A13="","",IF(AND(B13<=$B$1,C13<Inputs!$B$4),MIN(Inputs!$B$3*Inputs!$B$9*Inputs!$B$6,Inputs!$B$4-C13),IF(AND(B13>=$B$2,C13>0),-MIN(Inputs!$B$3*Inputs!$B$9,C13),0))) | E13: =IF($A13="","",C13+D13) | F13: =IF($A13="","",IF(D13>0,-D13/Inputs!$B$6,-D13)) | G13: =IF($A13="","",F13/Inputs!$B$9) | H13: =IF($A13="","",B13*F13) | I13: =IF($A13="","",I12+H13)
A14: =IF(Inputs!$A21="","",Inputs!$A21) | B14: =IF($A14="","",Inputs!$B21) | C14: =IF($A14="","",E13) | D14: =IF($A14="","",IF(AND(B14<=$B$1,C14<Inputs!$B$4),MIN(Inputs!$B$3*Inputs!$B$9*Inputs!$B$6,Inputs!$B$4-C14),IF(AND(B14>=$B$2,C14>0),-MIN(Inputs!$B$3*Inputs!$B$9,C14),0))) | E14: =IF($A14="","",C14+D14) | F14: =IF($A14="","",IF(D14>0,-D14/Inputs!$B$6,-D14)) | G14: =IF($A14="","",F14/Inputs!$B$9) | H14: =IF($A14="","",B14*F14) | I14: =IF($A14="","",I13+H14)
A15: =IF(Inputs!$A22="","",Inputs!$A22) | B15: =IF($A15="","",Inputs!$B22) | C15: =IF($A15="","",E14) | D15: =IF($A15="","",IF(AND(B15<=$B$1,C15<Inputs!$B$4),MIN(Inputs!$B$3*Inputs!$B$9*Inputs!$B$6,Inputs!$B$4-C15),IF(AND(B15>=$B$2,C15>0),-MIN(Inputs!$B$3*Inputs!$B$9,C15),0))) | E15: =IF($A15="","",C15+D15) | F15: =IF($A15="","",IF(D15>0,-D15/Inputs!$B$6,-D15)) | G15: =IF($A15="","",F15/Inputs!$B$9) | H15: =IF($A15="","",B15*F15) | I15: =IF($A15="","",I14+H15)
A16: =IF(Inputs!$A23="","",Inputs!$A23) | B16: =IF($A16="","",Inputs!$B23) | C16: =IF($A16="","",E15) | D16: =IF($A16="","",IF(AND(B16<=$B$1,C16<Inputs!$B$4),MIN(Inputs!$B$3*Inputs!$B$9*Inputs!$B$6,Inputs!$B$4-C16),IF(AND(B16>=$B$2,C16>0),-MIN(Inputs!$B$3*Inputs!$B$9,C16),0))) | E16: =IF($A16="","",C16+D16) | F16: =IF($A16="","",IF(D16>0,-D16/Inputs!$B$6,-D16)) | G16: =IF($A16="","",F16/Inputs!$B$9) | H16: =IF($A16="","",B16*F16) | I16: =IF($A16="","",I15+H16)
A17: =IF(Inputs!$A24="","",Inputs!$A24) | B17: =IF($A17="","",Inputs!$B24) | C17: =IF($A17="","",E16) | D17: =IF($A17="","",IF(AND(B17<=$B$1,C17<Inputs!$B$4),MIN(Inputs!$B$3*Inputs!$B$9*Inputs!$B$6,Inputs!$B$4-C17),IF(AND(B17>=$B$2,C17>0),-MIN(Inputs!$B$3*Inputs!$B$9,C17),0))) | E17: =IF($A17="","",C17+D17) | F17: =IF($A17="","",IF(D17>0,-D17/Inputs!$B$6,-D17)) | G17: =IF($A17="","",F17/Inputs!$B$9) | H17: =IF($A17="","",B17*F17) | I17: =IF($A17="","",I16+H17)
... A204: =IF(Inputs!$A211="","",Inputs!$A211) | B204: =IF($A204="","",Inputs!$B211) | C204: =IF($A204="","",E203) | D204: =IF($A204="","",IF(AND(B204<=$B$1,C204<Inputs!$B$4),MIN(Inputs!$B$3*Inputs!$B$9*Inputs!$B$6,Inputs!$B$4-C204),IF(AND(B204>=$B$2,C204>0),-MIN(Inputs!$B$3*Inputs!$B$9,C204),0))) | E204: =IF($A204="","",C204+D204) | F204: =IF($A204="","",IF(D204>0,-D204/Inputs!$B$6,-D204)) | G204: =IF($A204="","",F204/Inputs!$B$9) | H204: =IF($A204="","",B204*F204) | I204: =IF($A204="","",I203+H204)

Sheet Outputs
A1: forecast_datetime | B1: price | C1: power_mw | D1: soc_mwh | E1: revenue | F1: cumulative_revenue
A2: =IF(Calc!$A5="","",Calc!$A5) | B2: =IF(Calc!$A5="","",Calc!B5) | C2: =IF(Calc!$A5="","",Calc!G5) | D2: =IF(Calc!$A5="","",Calc!E5) | E2: =IF(Calc!$A5="","",Calc!H5) | F2: =IF(Calc!$A5="","",Calc!I5)
A3: =IF(Calc!$A6="","",Calc!$A6) | B3: =IF(Calc!$A6="","",Calc!B6) | C3: =IF(Calc!$A6="","",Calc!G6) | D3: =IF(Calc!$A6="","",Calc!E6) | E3: =IF(Calc!$A6="","",Calc!H6) | F3: =IF(Calc!$A6="","",Calc!I6)
A4: =IF(Calc!$A7="","",Calc!$A7) | B4: =IF(Calc!$A7="","",Calc!B7) | C4: =IF(Calc!$A7="","",Calc!G7) | D4: =IF(Calc!$A7="","",Calc!E7) | E4: =IF(Calc!$A7="","",Calc!H7) | F4: =IF(Calc!$A7="","",Calc!I7)
A5: =IF(Calc!$A8="","",Calc!$A8) | B5: =IF(Calc!$A8="","",Calc!B8) | C5: =IF(Calc!$A8="","",Calc!G8) | D5: =IF(Calc!$A8="","",Calc!E8) | E5: =IF(Calc!$A8="","",Calc!H8) | F5: =IF(Calc!$A8="","",Calc!I8)
A6: =IF(Calc!$A9="","",Calc!$A9) | B6: =IF(Calc!$A9="","",Calc!B9) | C6: =IF(Calc!$A9="","",Calc!G9) | D6: =IF(Calc!$A9="","",Calc!E9) | E6: =IF(Calc!$A9="","",Calc!H9) | F6: =IF(Calc!$A9="","",Calc!I9)
A7: =IF(Calc!$A10="","",Calc!$A10) | B7: =IF(Calc!$A10="","",Calc!B10) | C7: =IF(Calc!$A10="","",Calc!G10) | D7: =IF(Calc!$A10="","",Calc!E10) | E7: =IF(Calc!$A10="","",Calc!H10) | F7: =IF(Calc!$A10="","",Calc!I10)
A8: =IF(Calc!$A11="","",Calc!$A11) | B8: =IF(Calc!$A11="","",Calc!B11) | C8: =IF(Calc!$A11="","",Calc!G11) | D8: =IF(Calc!$A11="","",Calc!E11) | E8: =IF(Calc!$A11="","",Calc!H11) | F8: =IF(Calc!$A11="","",Calc!I11)
A9: =IF(Calc!$A12="","",Calc!$A12) | B9: =IF(Calc!$A12="","",Calc!B12) | C9: =IF(Calc!$A12="","",Calc!G12) | D9: =IF(Calc!$A12="","",Calc!E12) | E9: =IF(Calc!$A12="","",Calc!H12) | F9: =IF(Calc!$A12="","",Calc!I12)
A10: =IF(Calc!$A13="","",Calc!$A13) | B10: =IF(Calc!$A13="","",Calc!B13) | C10: =IF(Calc!$A13="","",Calc!G13) | D10: =IF(Calc!$A13="","",Calc!E13) | E10: =IF(Calc!$A13="","",Calc!H13) | F10: =IF(Calc!$A13="","",Calc!I13)
A11: =IF(Calc!$A14="","",Calc!$A14) | B11: =IF(Calc!$A14="","",Calc!B14) | C11: =IF(Calc!$A14="","",Calc!G14) | D11: =IF(Calc!$A14="","",Calc!E14) | E11: =IF(Calc!$A14="","",Calc!H14) | F11: =IF(Calc!$A14="","",Calc!I14)
A12: =IF(Calc!$A15="","",Calc!$A15) | B12: =IF(Calc!$A15="","",Calc!B15) | C12: =IF(Calc!$A15="","",Calc!G15) | D12: =IF(Calc!$A15="","",Calc!E15) | E12: =IF(Calc!$A15="","",Calc!H15) | F12: =IF(Calc!$A15="","",Calc!I15)
A13: =IF(Calc!$A16="","",Calc!$A16) | B13: =IF(Calc!$A16="","",Calc!B16) | C13: =IF(Calc!$A16="","",Calc!G16) | D13: =IF(Calc!$A16="","",Calc!E16) | E13: =IF(Calc!$A16="","",Calc!H16) | F13: =IF(Calc!$A16="","",Calc!I16)
... A201: =IF(Calc!$A204="","",Calc!$A204) | B201: =IF(Calc!$A204="","",Calc!B204) | C201: =IF(Calc!$A204="","",Calc!G204) | D201: =IF(Calc!$A204="","",Calc!E204) | E201: =IF(Calc!$A204="","",Calc!H204) | F201: =IF(Calc!$A204="","",Calc!I204)
